{"image": {"filename": "20170821152513_679.jpg", "width": 1010, "height": 1429}, "label": [{"x": 59.44317933156418, "y": -15.325194671418899, "rect": [233.60999596319613, 625.0, 239.16362115285227, 236.3783699661791], "rotation": 0, "type": 3, "groups": [{"group": "组号1", "relationship": "上下关联", "links": [{"name": "circle_arc-0", "entity": {"x": 71.51757513328823, "y": 78.94797254973366, "rect": [262.0, 564.0, 162.53764779575772, 162.53764779575772], "rotation": 0, "text": "鞍钢集团新钢铁有限责任公司", "sequence": "从左到右", "type": 5, "startAngle": 5328, "spanAngle": 3888, "r": 81.26882389787886, "h": 52}}]}, {"group": "组号2", "relationship": "上下关联", "links": [{"name": "line-0", "entity": {"x": 132.35395398043568, "y": 39.00958643633885, "rect": [229.4521496606766, 788.6631712579564, 119.03842293425353, -72.66317125795638], "rotation": -5.5, "text": "化工总厂", "type": 2, "sequence": "从左到右", "l": 119.03842293425353, "h": 46}}]}], "raws": []}, {"x": 41.64779141027191, "y": 59.75552680604221, "rect": [374.0, 940.0, 242.65883791339365, 241.74585933856997], "rotation": 0, "type": 3, "groups": [{"group": "组号1", "relationship": "上下关联", "links": [{"name": "circle_arc-2", "entity": {"x": -184.09472041248728, "y": 87.89030278831865, "rect": [645.0, 955.0, 155.1263279436057, 155.12632794360593], "rotation": 0, "text": "全国治金集化信息网", "sequence": "从左到右", "type": 5, "startAngle": 4976, "spanAngle": 4320, "r": 77.56316397180285, "h": 52}}]}], "raws": []}, {"x": -84.3675607559735, "y": -38.93887419506473, "rect": [644.0, 647.0, 243.75495949601782, 242.71160522634432], "rotation": 0, "type": 3, "groups": [{"group": "组号1", "relationship": "上下关联", "links": [{"name": "circle_arc-1", "entity": {"x": -57.23975876838995, "y": 77.66045556537995, "rect": [658.0, 570.0, 159.96684627270884, 159.96684627270884], "rotation": 0, "text": "杭州钱江称重技术有限公司", "sequence": "从左到右", "type": 5, "startAngle": 5360, "spanAngle": 4704, "r": 79.98342313635442, "h": 55}}]}], "raws": []}]}