{"image": {"filename": "chengdu.png", "width": 388, "height": 386}, "label": [{"x": -343.44767441860455, "y": -45.68023255813955, "rect": [354.0, 42.0, 368.23837209302314, 376.7093023255814], "rotation": 0, "type": 3, "groups": [{"group": "组号1", "relationship": "无关联", "links": [{"name": "circle_arc-0", "entity": {"x": -120.1220930232559, "y": -40.04069767441865, "rect": [184.0, 102.0, 261.6511627906978, 261.6511627906978], "rotation": 0, "text": "成都市人民政府", "sequence": "从左到右", "type": 5, "startAngle": 5328, "spanAngle": 3792, "r": 130.8255813953489, "h": 76}}, {"name": "circle_arc-1", "entity": {"x": -56.959302325581405, "y": 52.447674418604606, "rect": [92.97674418604652, -8.023255813953483, 309.0232558139533, 309.0232558139533], "rotation": 0, "text": "01000028", "sequence": "从左到右", "type": 5, "startAngle": 3680, "spanAngle": 1280, "r": 154.51162790697666, "h": 24}}, {"name": "line-0", "entity": {"x": -11.279069767441854, "y": 245.88372093023264, "rect": [95.0, 32.0, 219.9186046511628, 10.0], "rotation": 0, "text": "办公厅", "type": 2, "sequence": "从左到右", "l": 219.9186046511628, "h": 66}}]}], "raws": []}]}