{"image": {"filename": "jingdong.png", "width": 510, "height": 384}, "label": [{"x": -240.91569767441865, "y": 68.93895348837208, "rect": [247.0, -64.0, 496.43895348837214, 373.8662790697675], "rotation": 0, "type": 3, "groups": [{"group": "组号1", "relationship": "无关联", "links": [{"name": "ellipse_arc-0", "entity": {"x": -171.23546511627916, "y": -97.10755813953492, "rect": [227.65697674418607, 150.0, 397.10755813953483, 283.43023255813944], "rotation": 0, "text": "北京京东世纪信息技术有限公司", "type": 6, "sequence": "从左到右", "startAngle": 5568, "spanAngle": 3296, "a": 198.55377906976742, "b": 141.71511627906972, "h": 63}}, {"name": "line-1", "entity": {"x": -200.88662790697674, "y": 309.8546511627908, "rect": [337.00290697674416, -36.0, 234.02616279069764, 10.0], "rotation": 0, "text": "发票专用章", "type": 2, "sequence": "从左到右", "l": 234.02616279069764, "h": 55}}, {"name": "line-0", "entity": {"x": -151.2209302325582, "y": 119.34593023255817, "rect": [234.0, -48.0, 340.7703488372092, 248.6918604651163], "rotation": 0, "text": "91110302562134916R", "type": 2, "sequence": "从左到右", "l": 340.7703488372092, "h": 40}}]}], "raws": []}]}