{"image": {"filename": "yjs.png", "width": 412, "height": 408}, "label": [{"x": -114.9767441860466, "y": -127.55232558139542, "rect": [178.77325581395345, 195.4302325581395, 277.84302325581416, 273.36046511627904], "rotation": 0, "text": "郑州大学研究生院", "type": 6, "sequence": "从左到右", "startAngle": 5424, "spanAngle": 3552, "a": 138.92151162790708, "b": 136.68023255813952, "h": 80}]}