{"image": {"filename": "zzdx.png", "width": 318, "height": 318}, "label": [{"x": -24.959302325581405, "y": -8.781976744186046, "rect": [26.081395348837248, 9.790697674418606, 313.40406976744185, 315.00872093023264], "rotation": 0, "type": 3, "groups": [{"group": "组号1", "relationship": "上下关联", "links": [{"name": "circle_arc-0", "entity": {"x": 0.0, "y": 0.0, "rect": [42.52616279069764, 42.35174418604652, 231.59302325581405, 231.59302325581405], "rotation": 0, "text": "", "sequence": "从左到右", "type": 5, "startAngle": 5104, "spanAngle": 4176, "r": 115.79651162790702, "h": 57}}]}], "raws": []}]}